"Application id","Session id","Loan Amount","Loan Term","Loan issued","Loan missed first payment","Customer completed open banking","Customer uploaded a payslip","Customer signed contract","Customer is a homeowner"
18808923,"a6f66c9e-74c0-11ea-a8e5-069d8de3f4da",1000,12,0,0,1,0,0,0
18848975,"71489d11-75da-11ea-a8e5-069d8de3f4da",7000,30,1,0,1,1,1,0
18849326,"bd5ec027-75db-11ea-a8e5-069d8de3f4da",8000,60,1,0,1,0,1,1
18849472,"452fda42-75dc-11ea-a8e5-069d8de3f4da",6000,30,1,0,1,0,1,0
18849611,"c44b91c5-75dc-11ea-a8e5-069d8de3f4da",1500,24,0,0,0,0,0,0
18849639,"d9cb40f7-75dc-11ea-a8e5-069d8de3f4da",7000,60,1,0,1,1,1,0
18849683,"0329d17b-75dd-11ea-a8e5-069d8de3f4da",10000,54,0,0,0,0,0,1
18850248,"8191dfd2-75de-11ea-a8e5-069d8de3f4da",4000,24,0,0,0,0,1,0
18850750,"d07be8ae-75df-11ea-a8e5-069d8de3f4da",7000,36,1,0,0,0,1,1
18851135,"f1128507-75e0-11ea-a8e5-069d8de3f4da",1000,24,1,0,0,0,1,0
18851293,"7686791a-75e1-11ea-a8e5-069d8de3f4da",14000,48,0,0,0,0,0,1
18851317,"89197e5c-75e1-11ea-a8e5-069d8de3f4da",1500,12,1,0,1,1,1,0
18851500,"1c25183a-75e2-11ea-a8e5-069d8de3f4da",1000,12,0,0,0,0,0,0
18851684,"affd703d-75e2-11ea-a8e5-069d8de3f4da",5000,18,1,0,1,0,1,0
18852040,"f96da9ca-75e3-11ea-a8e5-069d8de3f4da",3000,24,0,0,0,0,0,0
18852203,"bd43848a-75e4-11ea-a8e5-069d8de3f4da",4000,24,0,0,0,0,1,0
18852204,"beb0344b-75e4-11ea-a8e5-069d8de3f4da",6000,36,0,0,0,0,0,1
18852508,"1ab78f4f-75e6-11ea-a8e5-069d8de3f4da",7500,60,1,0,0,1,1,1
18852597,"7ca36ed4-75e6-11ea-a8e5-069d8de3f4da",8000,36,1,0,0,1,1,0
18852750,"23cf3666-75e7-11ea-a8e5-069d8de3f4da",1500,36,0,0,0,0,0,0
18852801,"6388644a-75e7-11ea-a8e5-069d8de3f4da",5000,36,1,0,1,0,1,0
18852868,"c56a9658-75e7-11ea-a8e5-069d8de3f4da",5000,36,1,0,0,0,1,0
18852874,"ce68ec8e-75e7-11ea-a8e5-069d8de3f4da",2500,24,1,0,1,1,1,0
18853067,"c212438b-75e8-11ea-a8e5-069d8de3f4da",5000,24,0,0,1,0,1,0
18853449,"8c319391-75ea-11ea-a8e5-069d8de3f4da",10000,60,0,0,0,0,1,1
18853704,"b7d218fd-75eb-11ea-a8e5-069d8de3f4da",2500,24,1,0,0,1,1,0
18854409,"c13a7f66-75f0-11ea-a8e5-069d8de3f4da",1000,12,0,0,0,0,0,0
18854499,"6c0f3e35-75f1-11ea-a8e5-069d8de3f4da",1500,24,1,0,0,0,1,1
18854647,"abcdbbc9-75f2-11ea-a8e5-069d8de3f4da",16000,48,0,0,0,0,1,1
18854941,"ef378dcf-75f4-11ea-a8e5-069d8de3f4da",5000,24,1,0,1,0,1,1
18855269,"5a6f4e5b-75f7-11ea-a8e5-069d8de3f4da",6000,60,0,0,0,0,0,1
18856084,"a42d1133-75ff-11ea-a8e5-069d8de3f4da",1000,30,1,0,1,1,1,0
18856912,"03031d01-760d-11ea-a8e5-069d8de3f4da",10000,24,0,0,0,0,0,1
18856947,"c89b6e1f-760d-11ea-a8e5-069d8de3f4da",3000,24,0,0,0,0,0,0
18857022,"9fb4a290-760f-11ea-a8e5-069d8de3f4da",3000,12,1,0,1,1,1,0
18857077,"823fc61e-7611-11ea-a8e5-069d8de3f4da",2900,24,1,0,1,0,1,0
18857083,"b1a18864-7611-11ea-a8e5-069d8de3f4da",1000,12,0,0,1,1,0,0
18857134,"90984244-7613-11ea-a8e5-069d8de3f4da",9800,60,1,0,0,0,1,1
18857200,"7f36af21-7615-11ea-a8e5-069d8de3f4da",1000,12,0,0,0,0,0,0
18857537,"249ff462-7624-11ea-a8e5-069d8de3f4da",6000,36,1,0,1,0,1,1
18857811,"0f8b9b82-7633-11ea-a8e5-069d8de3f4da",3000,24,0,0,1,0,0,0
18857930,"c9e4530a-7636-11ea-a8e5-069d8de3f4da",1000,18,1,0,0,0,1,0
18858138,"c9381597-763b-11ea-a8e5-069d8de3f4da",3000,48,1,0,1,1,1,0
18858255,"c969ec2a-763d-11ea-a8e5-069d8de3f4da",700,12,1,0,1,1,1,0
18858419,"e151cf5d-763f-11ea-a8e5-069d8de3f4da",10000,60,1,0,1,0,1,1
18858443,"2adfdb5d-7640-11ea-a8e5-069d8de3f4da",1000,24,1,0,0,1,1,1
18858572,"a2f6e8e6-7641-11ea-a8e5-069d8de3f4da",1600,30,1,0,1,0,1,0
18858593,"ea053c5f-7641-11ea-a8e5-069d8de3f4da",15000,60,0,0,1,0,1,0
18858602,"000659de-7642-11ea-a8e5-069d8de3f4da",5000,60,1,0,1,0,1,1
18858765,"9c256c71-7643-11ea-a8e5-069d8de3f4da",4800,36,1,0,0,0,1,0
18858987,"16474e5f-7646-11ea-a8e5-069d8de3f4da",4000,24,1,0,1,1,1,0
18859250,"951e6537-7648-11ea-a8e5-069d8de3f4da",5000,60,0,0,0,0,0,0
18859281,"e775be55-7648-11ea-a8e5-069d8de3f4da",4000,36,1,0,1,0,1,1
18859615,"f53e981a-764b-11ea-a8e5-069d8de3f4da",3000,36,0,0,0,0,0,0
18859718,"bba2d04a-764c-11ea-a8e5-069d8de3f4da",10000,60,0,0,0,0,0,1
18859794,"5828e714-764d-11ea-a8e5-069d8de3f4da",5000,36,1,0,1,1,1,0
18859895,"4e32fc39-764e-11ea-a8e5-069d8de3f4da",2000,30,0,0,1,0,0,1
18860056,"aaece2cf-764f-11ea-a8e5-069d8de3f4da",6200,48,1,0,1,1,1,1
18860094,"0d641236-7650-11ea-a8e5-069d8de3f4da",1000,24,1,0,1,0,1,0
18860291,"d8a1e00f-7651-11ea-a8e5-069d8de3f4da",1500,24,1,0,0,0,1,0
18860358,"5caca4f8-7652-11ea-a8e5-069d8de3f4da",2000,36,0,0,0,0,0,1
18860398,"b0db1128-7652-11ea-a8e5-069d8de3f4da",7000,54,0,0,0,0,0,0
18860668,"7cd2ae29-7654-11ea-a8e5-069d8de3f4da",1500,36,1,0,1,1,1,1
18860711,"d59b0b55-7654-11ea-a8e5-069d8de3f4da",14500,36,1,0,1,1,1,0
18861231,"e3b120e4-7657-11ea-a8e5-069d8de3f4da",1000,12,0,0,0,0,1,0
18861368,"c2b6736b-7658-11ea-a8e5-069d8de3f4da",500,12,0,0,0,0,1,0
18861436,"52f57e2e-7659-11ea-a8e5-069d8de3f4da",5000,60,0,0,1,0,0,0
18861850,"583300b0-765c-11ea-a8e5-069d8de3f4da",1500,48,1,0,1,1,1,0
18862025,"3a8f1331-765d-11ea-a8e5-069d8de3f4da",9500,48,1,0,0,1,1,0
18862311,"b7c9e9a4-765f-11ea-a8e5-069d8de3f4da",4000,24,0,0,0,0,0,1
18862497,"525b793f-7660-11ea-a8e5-069d8de3f4da",2000,18,1,0,1,0,1,0
18862747,"cc469577-7661-11ea-a8e5-069d8de3f4da",5000,36,0,0,0,0,0,0
18863146,"9ea4b897-7663-11ea-a8e5-069d8de3f4da",2000,24,1,0,1,1,1,0
18863251,"58519f23-7664-11ea-a8e5-069d8de3f4da",5000,36,1,0,1,1,1,0
18863354,"14bf1b6a-7665-11ea-a8e5-069d8de3f4da",15000,60,0,0,0,0,0,1
18863496,"32806c04-7666-11ea-a8e5-069d8de3f4da",2000,12,1,0,1,0,1,0
18864078,"03e684ae-766b-11ea-a8e5-069d8de3f4da",4000,60,0,0,0,0,1,1
18864163,"9d9dc978-766b-11ea-a8e5-069d8de3f4da",1900,24,0,0,0,0,0,0
18864563,"d48f8d0d-766e-11ea-a8e5-069d8de3f4da",2000,36,1,0,1,0,1,0
18864691,"eb05a5d4-766f-11ea-a8e5-069d8de3f4da",5200,12,0,0,0,0,0,1
18864961,"4d50b5d3-7672-11ea-a8e5-069d8de3f4da",5000,24,1,0,0,1,1,0
18864986,"7fc16778-7672-11ea-a8e5-069d8de3f4da",3000,30,1,0,1,1,1,0
18864994,"9034aa32-7672-11ea-a8e5-069d8de3f4da",1000,48,1,0,1,0,1,0
18865059,"14a6b140-7673-11ea-a8e5-069d8de3f4da",1200,24,1,0,1,0,1,1
18865277,"e5f099c4-7674-11ea-a8e5-069d8de3f4da",2500,12,1,0,1,0,1,1
18865364,"9c4a5592-7675-11ea-a8e5-069d8de3f4da",4500,18,0,0,0,0,0,1
18865418,"0f7dd0cb-7676-11ea-a8e5-069d8de3f4da",10000,36,1,0,0,0,1,1
18865569,"4053d92f-7677-11ea-a8e5-069d8de3f4da",4500,48,1,0,1,0,1,1
18865673,"1aea7743-7678-11ea-a8e5-069d8de3f4da",2000,36,1,0,1,0,1,1
18865890,"f41581b7-7679-11ea-a8e5-069d8de3f4da",10000,48,0,0,0,0,0,1
18865946,"82dd9fd5-767a-11ea-a8e5-069d8de3f4da",5000,36,0,0,0,0,1,0
18866019,"0ed29d08-767b-11ea-a8e5-069d8de3f4da",2000,36,0,0,0,0,0,1
18866174,"9bd63aa5-767c-11ea-a8e5-069d8de3f4da",4000,60,1,0,1,0,1,1
18866239,"362eebbc-767d-11ea-a8e5-069d8de3f4da",2000,12,0,0,0,0,0,0
18866322,"f2179be1-767d-11ea-a8e5-069d8de3f4da",1000,60,1,0,1,0,1,1
18866357,"341a1bf1-767e-11ea-a8e5-069d8de3f4da",3000,48,1,0,0,0,1,0
18866424,"c0de130a-767e-11ea-a8e5-069d8de3f4da",5400,24,1,0,1,0,1,1
18866625,"3efc6a29-7680-11ea-a8e5-069d8de3f4da",1350,24,1,0,1,1,1,0
18866736,"16844e05-7681-11ea-a8e5-069d8de3f4da",2500,36,1,0,1,0,1,1
18866771,"5ad1d53a-7681-11ea-a8e5-069d8de3f4da",4000,36,1,0,1,0,1,0
18866787,"78a8479a-7681-11ea-a8e5-069d8de3f4da",6000,18,1,0,1,1,1,0
18866967,"b1f7665f-7682-11ea-a8e5-069d8de3f4da",2000,36,1,0,0,0,1,0
18867047,"4dbad997-7683-11ea-a8e5-069d8de3f4da",10000,30,0,0,0,0,0,1
18867091,"97448253-7683-11ea-a8e5-069d8de3f4da",2500,48,0,0,0,0,0,0
18867421,"2718935b-7686-11ea-a8e5-069d8de3f4da",5000,60,0,0,1,0,1,0
18867565,"60d1cd9c-7687-11ea-a8e5-069d8de3f4da",5000,12,0,0,0,0,0,1
18868257,"a533872f-768c-11ea-a8e5-069d8de3f4da",2750,36,1,0,1,0,1,0
18868279,"e15d9a16-768c-11ea-a8e5-069d8de3f4da",1750,30,1,0,1,0,1,1
18868331,"685ac19b-768d-11ea-a8e5-069d8de3f4da",6800,36,0,0,0,0,0,0
18868414,"4f8bb4e7-768e-11ea-a8e5-069d8de3f4da",1300,60,1,0,1,1,1,1
18868494,"196bd9b9-768f-11ea-a8e5-069d8de3f4da",4000,12,0,0,0,0,0,1
18868541,"889a34bf-768f-11ea-a8e5-069d8de3f4da",5000,12,0,0,0,0,0,1
18868582,"e57c1578-768f-11ea-a8e5-069d8de3f4da",2000,36,1,0,0,1,1,1
18868681,"eb82cfde-7690-11ea-a8e5-069d8de3f4da",4000,48,1,0,1,0,1,1
18868901,"f1ed809a-7692-11ea-a8e5-069d8de3f4da",4000,12,0,0,0,0,0,1
18868931,"49bf493a-7693-11ea-a8e5-069d8de3f4da",3000,36,0,0,0,0,0,0
18868986,"d8501109-7693-11ea-a8e5-069d8de3f4da",1000,24,0,0,1,0,0,1
18869421,"94051df9-7698-11ea-a8e5-069d8de3f4da",3000,36,0,0,0,0,0,0
18870105,"3d91b378-76a1-11ea-a8e5-069d8de3f4da",4000,24,0,0,0,0,0,0
18870253,"e7996857-76a2-11ea-a8e5-069d8de3f4da",1000,24,1,0,1,0,1,0
18870379,"46f1cc7b-76a4-11ea-a8e5-069d8de3f4da",4000,36,0,0,0,0,0,0
18870589,"ed0b9bc2-76a6-11ea-a8e5-069d8de3f4da",4500,60,0,0,0,0,0,0
18870701,"4fbde1f4-76a8-11ea-a8e5-069d8de3f4da",3000,24,0,0,0,0,0,0
18870754,"e15a98f4-76a8-11ea-a8e5-069d8de3f4da",3000,36,0,0,0,0,0,1
18870901,"b6f3d106-76aa-11ea-a8e5-069d8de3f4da",3400,30,1,0,1,1,1,0
18870935,"1f24cb9d-76ab-11ea-a8e5-069d8de3f4da",5000,24,1,0,1,0,1,1
18871007,"dc5ded56-76ab-11ea-a8e5-069d8de3f4da",2000,12,0,0,0,0,0,0
18871112,"0484f5be-76ad-11ea-a8e5-069d8de3f4da",7000,60,0,0,0,0,0,1
18871160,"a10aef9d-76ad-11ea-a8e5-069d8de3f4da",6000,36,0,0,1,0,0,0
18871423,"967226ab-76b0-11ea-a8e5-069d8de3f4da",5000,60,1,0,1,1,1,0
18871599,"70debcd2-76b2-11ea-a8e5-069d8de3f4da",9500,48,1,0,1,1,1,1
18871620,"d3b2e39a-76b2-11ea-a8e5-069d8de3f4da",3000,24,0,0,0,0,0,1
18871814,"0efa91de-76b5-11ea-a8e5-069d8de3f4da",1000,12,0,0,0,0,0,1
18871894,"112ee78e-76b6-11ea-a8e5-069d8de3f4da",6900,36,1,0,1,1,1,0
18872310,"662a2f47-76bb-11ea-a8e5-069d8de3f4da",2900,18,1,0,1,0,1,0
18873080,"05452da5-76c7-11ea-a8e5-069d8de3f4da",4000,36,0,0,0,0,0,1
18873298,"5fdcc76c-76cb-11ea-a8e5-069d8de3f4da",3000,36,0,0,1,0,1,0
18873313,"9551b4cd-76cb-11ea-a8e5-069d8de3f4da",1000,12,0,0,0,0,0,1
18873724,"d8edeb13-76d5-11ea-a8e5-069d8de3f4da",1500,36,1,0,0,0,1,0
18873908,"cb5c3fdf-76db-11ea-a8e5-069d8de3f4da",1000,12,0,0,0,0,0,0
18874058,"fe24c327-76e1-11ea-a8e5-069d8de3f4da",1000,12,0,0,0,0,0,1
18874435,"26c619bc-76fd-11ea-a8e5-069d8de3f4da",2500,12,0,0,0,0,0,0
18874649,"e6baae0b-7705-11ea-a8e5-069d8de3f4da",10000,60,1,0,0,0,1,0
18874701,"0d677140-7707-11ea-a8e5-069d8de3f4da",2000,60,1,0,1,0,1,1
18874705,"13c1a95b-7707-11ea-a8e5-069d8de3f4da",3500,36,1,0,1,0,1,1
18874821,"76f3f22f-7709-11ea-a8e5-069d8de3f4da",5000,60,0,0,0,0,1,1
18874946,"cfdf8724-770b-11ea-a8e5-069d8de3f4da",7100,18,0,0,0,0,0,0
18875143,"b5f0247b-770e-11ea-a8e5-069d8de3f4da",600,12,1,0,1,1,1,1
18875279,"7ca5cf18-7710-11ea-a8e5-069d8de3f4da",6500,54,1,0,1,0,1,1
18875433,"5b135af8-7712-11ea-a8e5-069d8de3f4da",4000,30,1,0,1,0,1,0
18875444,"8cf2bd72-7712-11ea-a8e5-069d8de3f4da",1000,24,1,0,1,0,1,1
18875485,"03c4449f-7713-11ea-a8e5-069d8de3f4da",5000,48,1,1,1,0,1,0
18875596,"8c3acf23-7714-11ea-a8e5-069d8de3f4da",4500,36,0,0,0,0,0,0
18875713,"53f15c6f-7715-11ea-a8e5-069d8de3f4da",8000,48,1,0,0,1,1,1
18875774,"986102f8-7716-11ea-a8e5-069d8de3f4da",1000,24,1,0,0,0,1,0
18875849,"f53d2e4e-7716-11ea-a8e5-069d8de3f4da",7500,36,0,0,0,0,1,0
18875953,"4f62419e-7718-11ea-a8e5-069d8de3f4da",6000,36,0,0,0,0,0,0
18876331,"b8017434-771b-11ea-a8e5-069d8de3f4da",3000,36,1,0,1,0,1,1
18876648,"2bd35eae-771e-11ea-a8e5-069d8de3f4da",3000,36,0,0,0,0,0,0
18876984,"085cd849-7721-11ea-a8e5-069d8de3f4da",15000,60,1,0,1,1,1,1
18876990,"125b4ca4-7721-11ea-a8e5-069d8de3f4da",4000,36,1,0,0,1,1,0
18877300,"d25e0549-7723-11ea-a8e5-069d8de3f4da",1100,12,1,0,1,0,1,0
18877382,"a5ff1d4b-7724-11ea-a8e5-069d8de3f4da",4000,48,0,0,0,0,0,1
18877580,"6e6a8a0e-7726-11ea-a8e5-069d8de3f4da",2000,12,0,0,0,0,0,0
18877693,"60c9889b-7727-11ea-a8e5-069d8de3f4da",1500,18,1,0,1,0,1,0
18877748,"c7ae612f-7727-11ea-a8e5-069d8de3f4da",2000,24,1,0,1,0,1,0
18877751,"d663faeb-7727-11ea-a8e5-069d8de3f4da",2000,18,0,0,0,0,0,0
18877968,"62693dc9-7729-11ea-a8e5-069d8de3f4da",2000,18,0,0,0,0,0,1
18878275,"40cc3b0a-772b-11ea-a8e5-069d8de3f4da",1000,24,1,0,1,0,1,0
18878288,"6660e007-772b-11ea-a8e5-069d8de3f4da",1500,24,0,0,0,0,0,0
18878600,"2b9454f4-772e-11ea-a8e5-069d8de3f4da",5000,36,0,0,0,0,0,0
18878953,"753b5547-7731-11ea-a8e5-069d8de3f4da",5500,12,0,0,0,0,0,1
18878960,"8057ce41-7731-11ea-a8e5-069d8de3f4da",10000,36,1,0,0,1,1,0
18879094,"ac3f0aa7-7732-11ea-a8e5-069d8de3f4da",3000,36,1,0,1,0,1,0
18879135,"52a7be89-7733-11ea-a8e5-069d8de3f4da",10000,60,0,0,0,0,1,0
18879144,"6947c1ab-7733-11ea-a8e5-069d8de3f4da",3200,48,0,0,1,0,0,1
18879173,"d8f18d84-7733-11ea-a8e5-069d8de3f4da",15000,60,1,0,1,1,1,1
18879231,"849ce8d5-7734-11ea-a8e5-069d8de3f4da",5000,48,1,0,1,1,1,0
18879501,"4848cae7-7737-11ea-a8e5-069d8de3f4da",1200,24,1,0,1,0,1,0
18879571,"1086c976-7738-11ea-a8e5-069d8de3f4da",4000,24,0,0,0,0,0,0
18879600,"699aec64-7738-11ea-a8e5-069d8de3f4da",5000,48,1,0,1,0,1,0
18879791,"a626fcfd-773a-11ea-a8e5-069d8de3f4da",9000,60,0,0,0,0,1,0
18880127,"b7f5c545-773e-11ea-a8e5-069d8de3f4da",3000,60,1,0,0,0,1,0
18880197,"c185643c-773f-11ea-a8e5-069d8de3f4da",3000,60,0,0,0,0,0,1
18880233,"43871586-7740-11ea-a8e5-069d8de3f4da",3000,60,1,1,1,1,1,1
18880425,"aad573d1-7742-11ea-a8e5-069d8de3f4da",15000,60,0,0,0,0,0,1
18880442,"d27b34f4-7742-11ea-a8e5-069d8de3f4da",3000,36,0,0,0,0,0,0
18880461,"1383e360-7743-11ea-a8e5-069d8de3f4da",4500,12,1,0,1,1,1,0
18880522,"be1af6fc-7743-11ea-a8e5-069d8de3f4da",2255,12,0,0,1,0,0,0
18880549,"20d30170-7744-11ea-a8e5-069d8de3f4da",2000,24,1,0,1,1,1,0
18880655,"24de3a44-7745-11ea-a8e5-069d8de3f4da",1000,12,0,0,0,0,0,0
18880727,"2835cd3a-7746-11ea-a8e5-069d8de3f4da",1000,36,1,0,1,1,1,0
18880769,"aa70a0bd-7746-11ea-a8e5-069d8de3f4da",1500,36,1,0,0,0,1,1
18880863,"945829f7-7747-11ea-a8e5-069d8de3f4da",5000,36,0,0,0,0,0,1
18881009,"7a28e03c-7749-11ea-a8e5-069d8de3f4da",2700,24,0,0,0,0,0,0
18881029,"aab01fbc-7749-11ea-a8e5-069d8de3f4da",3500,48,0,0,0,0,0,0
18881097,"409b3ebb-774a-11ea-a8e5-069d8de3f4da",3000,24,1,0,1,0,1,0
18881105,"55778270-774a-11ea-a8e5-069d8de3f4da",1000,12,1,0,0,1,1,0
18881128,"93c8994e-774a-11ea-a8e5-069d8de3f4da",7000,24,1,0,0,0,1,0
18881161,"d6e9f2b2-774a-11ea-a8e5-069d8de3f4da",4000,36,0,0,0,0,0,0
18881238,"cba42184-774b-11ea-a8e5-069d8de3f4da",2000,36,0,0,0,0,0,1
18881557,"1095bc4c-774f-11ea-a8e5-069d8de3f4da",7500,60,1,0,0,0,1,0
18881814,"c6d8180f-7751-11ea-a8e5-069d8de3f4da",7500,48,1,0,0,1,1,0
18881937,"366c458f-7753-11ea-a8e5-069d8de3f4da",3000,36,1,0,1,0,1,1
18882887,"2e12884e-775e-11ea-a8e5-069d8de3f4da",5000,36,0,0,0,0,0,1
18883169,"6351210a-7761-11ea-a8e5-069d8de3f4da",1000,24,0,0,0,0,1,0
18883488,"96a8719f-7765-11ea-a8e5-069d8de3f4da",2000,18,0,0,0,0,0,1
18883502,"af6887f2-7765-11ea-a8e5-069d8de3f4da",4000,30,1,0,1,0,1,0
18883794,"2564cedc-7769-11ea-a8e5-069d8de3f4da",1000,12,0,0,0,0,0,1
18883853,"eb771188-7769-11ea-a8e5-069d8de3f4da",4500,60,1,0,1,1,1,1
18884003,"aefa4e2f-776b-11ea-a8e5-069d8de3f4da",1000,12,1,0,1,0,1,1
18884034,"22609b5e-776c-11ea-a8e5-069d8de3f4da",500,18,1,0,1,0,1,0
18884104,"1d964ed5-776d-11ea-a8e5-069d8de3f4da",15000,60,0,0,0,0,1,0
18884283,"8e02ca71-776f-11ea-a8e5-069d8de3f4da",13500,60,0,0,0,0,0,0
18884311,"ef0ab26f-776f-11ea-a8e5-069d8de3f4da",3000,36,1,0,0,0,1,0
18884444,"edf73c7e-7771-11ea-a8e5-069d8de3f4da",6000,12,1,0,1,0,1,0
18884469,"3716cc27-7772-11ea-a8e5-069d8de3f4da",6495,48,1,0,1,1,1,1
18884478,"55d2dc92-7772-11ea-a8e5-069d8de3f4da",1000,36,0,0,0,0,0,1
18884497,"9047a3d2-7772-11ea-a8e5-069d8de3f4da",2000,24,0,0,0,0,0,0
18884967,"49b6075d-7779-11ea-a8e5-069d8de3f4da",1300,24,0,0,0,0,0,1
18885101,"877ae1d1-777b-11ea-a8e5-069d8de3f4da",7000,36,1,0,1,0,1,0
18885269,"dfa02972-777d-11ea-a8e5-069d8de3f4da",5000,18,0,0,0,0,0,1
18885304,"751ef198-777e-11ea-a8e5-069d8de3f4da",5500,12,0,0,0,0,0,1
18885397,"ac2d2ef7-777f-11ea-a8e5-069d8de3f4da",5300,12,0,0,0,0,0,1
18885593,"5049a174-7782-11ea-a8e5-069d8de3f4da",10000,60,0,0,0,0,0,0
18885630,"cd917d03-7782-11ea-a8e5-069d8de3f4da",5500,12,0,0,0,0,0,1
18885698,"acec1089-7783-11ea-a8e5-069d8de3f4da",3000,36,0,0,0,0,0,0
18885935,"770e9c27-7787-11ea-a8e5-069d8de3f4da",7500,30,0,0,0,0,0,0
18885988,"5cf5aa1c-7788-11ea-a8e5-069d8de3f4da",2500,18,1,0,1,0,1,0
18886146,"3156d91a-778b-11ea-a8e5-069d8de3f4da",1000,24,0,0,0,0,0,1
18886211,"149ddaa4-778c-11ea-a8e5-069d8de3f4da",1200,48,1,0,1,1,1,0
18886299,"d6cb1919-778d-11ea-a8e5-069d8de3f4da",3000,24,0,0,0,0,0,0
18886358,"ff45a2a6-778e-11ea-a8e5-069d8de3f4da",1200,24,1,0,1,0,1,0
18886467,"0258d474-7791-11ea-a8e5-069d8de3f4da",1000,24,1,0,0,0,1,1
18886498,"b301bb07-7791-11ea-a8e5-069d8de3f4da",1000,24,1,0,1,0,1,0
18886776,"9fcd5935-7797-11ea-a8e5-069d8de3f4da",8000,48,0,0,0,0,1,0
18886866,"217399fc-779a-11ea-a8e5-069d8de3f4da",2500,30,1,0,1,0,1,0
18886894,"ec1009d1-779a-11ea-a8e5-069d8de3f4da",6000,36,0,0,0,0,0,0
18886908,"517dcb69-779b-11ea-a8e5-069d8de3f4da",6300,36,1,0,1,0,1,0
18886973,"fdaf5b38-779c-11ea-a8e5-069d8de3f4da",3000,24,0,0,0,0,0,1
18887056,"6adad3c5-779f-11ea-a8e5-069d8de3f4da",10000,18,0,0,0,0,0,1
18887112,"540b4c59-77a1-11ea-a8e5-069d8de3f4da",6000,24,0,0,0,0,0,1
18887149,"bb3d9606-77a2-11ea-a8e5-069d8de3f4da",4000,24,0,0,1,0,1,0
18887251,"478c93e6-77a7-11ea-a8e5-069d8de3f4da",5000,60,0,0,0,0,0,0
18887695,"9e2c7cdf-77c7-11ea-a8e5-069d8de3f4da",3500,42,0,0,0,0,0,1
18887798,"c4a6d81e-77cb-11ea-a8e5-069d8de3f4da",5000,60,1,0,1,0,1,1
18887912,"1aa6a20b-77cf-11ea-a8e5-069d8de3f4da",2000,24,1,0,1,0,1,0
18887988,"7a7f0764-77d1-11ea-a8e5-069d8de3f4da",1000,12,0,0,0,0,0,0
18888111,"df61c7fa-77d3-11ea-a8e5-069d8de3f4da",4700,60,0,0,1,0,0,1
18888221,"b2fac572-77d5-11ea-a8e5-069d8de3f4da",8000,36,0,0,0,0,0,1
18888251,"36c47b5d-77d6-11ea-a8e5-069d8de3f4da",1000,24,1,0,1,0,1,0
18888569,"024c0ac3-77db-11ea-a8e5-069d8de3f4da",1000,18,1,0,1,1,1,0
18888585,"28e41e35-77db-11ea-a8e5-069d8de3f4da",1000,36,1,0,1,0,1,0
18889208,"1b3359f8-77e2-11ea-a8e5-069d8de3f4da",1000,24,0,0,0,0,1,0
18889382,"42b8d96e-77e3-11ea-a8e5-069d8de3f4da",1000,18,0,0,0,0,0,0
18889626,"c601c4e5-77e4-11ea-a8e5-069d8de3f4da",1500,24,1,0,0,0,1,0
18889803,"5d95ff5b-77e6-11ea-a8e5-069d8de3f4da",5000,36,0,0,0,0,0,0
18889822,"3953bb72-77e6-11ea-a8e5-069d8de3f4da",3000,24,1,0,0,1,1,1
18889977,"7e67ef6f-77e7-11ea-a8e5-069d8de3f4da",1300,18,1,0,1,1,1,0
18890153,"636b0a6e-77e9-11ea-a8e5-069d8de3f4da",1500,18,1,0,1,0,1,0
18890169,"8d9b1682-77e9-11ea-a8e5-069d8de3f4da",1000,12,1,0,0,0,1,0
18890229,"14dcaee4-77ea-11ea-a8e5-069d8de3f4da",1500,36,1,0,1,0,1,0
18890274,"7f22b20c-77ea-11ea-a8e5-069d8de3f4da",20000,60,1,0,1,1,1,1
18890278,"8ee0465e-77ea-11ea-a8e5-069d8de3f4da",1200,36,1,0,1,1,1,0
18890333,"fb390cd6-77ea-11ea-a8e5-069d8de3f4da",2500,24,0,0,0,0,1,1
18890391,"70d2982d-77eb-11ea-a8e5-069d8de3f4da",2000,12,0,0,1,0,1,1
18890439,"ce3a5c10-77eb-11ea-a8e5-069d8de3f4da",1000,24,0,0,0,0,1,1
18890549,"e6ac81bc-77ec-11ea-a8e5-069d8de3f4da",4000,36,0,0,0,0,0,0
18890589,"5f99a553-77ed-11ea-a8e5-069d8de3f4da",5900,24,1,0,1,1,1,0
18890657,"06ddf6f8-77ee-11ea-a8e5-069d8de3f4da",6000,36,0,0,1,0,0,1
18890764,"fd397467-77ee-11ea-a8e5-069d8de3f4da",2997,48,1,0,1,0,1,0
18890794,"46f1b35f-77ef-11ea-a8e5-069d8de3f4da",12000,60,0,0,0,0,0,1
18890825,"95099bb4-77ef-11ea-a8e5-069d8de3f4da",8000,60,1,1,0,0,1,1
18891021,"38ee9d68-77f1-11ea-a8e5-069d8de3f4da",1100,60,1,0,1,0,1,1
18891192,"89ed85a8-77f2-11ea-a8e5-069d8de3f4da",10000,48,1,0,1,0,1,0
18891203,"a54d92d9-77f2-11ea-a8e5-069d8de3f4da",4000,60,0,0,0,0,0,0
18891501,"26070478-77f4-11ea-a8e5-069d8de3f4da",5000,24,1,0,1,1,1,0
18891663,"dfe1381a-77f4-11ea-a8e5-069d8de3f4da",5000,36,1,0,1,0,1,1
18891671,"ec2596c4-77f4-11ea-a8e5-069d8de3f4da",2000,48,1,0,1,1,1,1
18891689,"09235f8c-77f5-11ea-a8e5-069d8de3f4da",5000,36,1,0,1,0,1,0
18891761,"a0442390-77f5-11ea-a8e5-069d8de3f4da",5000,36,1,0,0,1,1,1
18892242,"96362d4f-77f9-11ea-a8e5-069d8de3f4da",5000,36,1,0,1,0,1,0
18892324,"17880548-77fa-11ea-a8e5-069d8de3f4da",3500,24,0,0,0,0,1,0
18892401,"b6498b7d-77fa-11ea-a8e5-069d8de3f4da",7500,24,0,0,0,0,0,0
18892415,"d23f803a-77fa-11ea-a8e5-069d8de3f4da",4000,24,0,0,0,0,0,1
18892667,"7c2876da-77fc-11ea-a8e5-069d8de3f4da",5000,24,1,0,1,0,1,0
18892892,"052f969f-77fe-11ea-a8e5-069d8de3f4da",5000,48,1,0,0,0,1,1
18893002,"17e599eb-77ff-11ea-a8e5-069d8de3f4da",1000,24,1,0,1,0,1,1
18893046,"9def1c89-77ff-11ea-a8e5-069d8de3f4da",2000,36,0,0,0,0,0,0
18893058,"b1cd109a-77ff-11ea-a8e5-069d8de3f4da",5000,36,1,0,1,1,1,0
18893178,"a4de0bcf-7800-11ea-a8e5-069d8de3f4da",5000,36,1,0,1,0,1,0
18893202,"e080fa59-7800-11ea-a8e5-069d8de3f4da",3000,24,1,0,1,1,1,0
18893215,"06bca089-7801-11ea-a8e5-069d8de3f4da",3000,24,1,0,1,0,1,0
18893310,"b46bdaad-7801-11ea-a8e5-069d8de3f4da",2700,36,0,0,0,0,0,0
18893372,"4a6269c4-7802-11ea-a8e5-069d8de3f4da",1219.26,24,1,0,1,1,1,1
18893651,"dff6bad8-7804-11ea-a8e5-069d8de3f4da",1500,24,1,0,1,0,1,0
18893686,"2438262d-7805-11ea-a8e5-069d8de3f4da",8000,60,0,0,0,0,0,0
18893717,"6df17f01-7805-11ea-a8e5-069d8de3f4da",1000,24,1,0,0,0,1,1
18893723,"80ca3f33-7805-11ea-a8e5-069d8de3f4da",2000,48,0,0,1,0,1,0
18893758,"e8a84a25-7805-11ea-a8e5-069d8de3f4da",4300,48,1,0,1,1,1,0
18893833,"961df91f-7806-11ea-a8e5-069d8de3f4da",2200,24,0,0,0,0,0,0
18893990,"02bd6174-7808-11ea-a8e5-069d8de3f4da",1500,24,1,0,1,0,1,0
18894015,"3152a627-7808-11ea-a8e5-069d8de3f4da",2700,60,1,0,1,1,1,1
18894019,"3519bee1-7808-11ea-a8e5-069d8de3f4da",1000,24,0,0,0,0,0,0
18894058,"9fd72cd7-7808-11ea-a8e5-069d8de3f4da",4700,48,1,0,1,0,1,0
18894076,"d68c4225-7808-11ea-a8e5-069d8de3f4da",8000,30,0,0,0,0,0,0
18894288,"9a75d3dd-780a-11ea-a8e5-069d8de3f4da",4000,36,1,0,1,0,1,1
18894315,"caf4de97-780a-11ea-a8e5-069d8de3f4da",1000,12,0,0,0,0,1,0
18894386,"5a34758b-780b-11ea-a8e5-069d8de3f4da",1500,24,0,0,0,0,0,1
18894464,"e75b2ce4-780b-11ea-a8e5-069d8de3f4da",1000,24,1,0,1,1,1,0
18894537,"658432d8-780c-11ea-a8e5-069d8de3f4da",3000,12,0,0,0,0,0,0
18894585,"be56fced-780c-11ea-a8e5-069d8de3f4da",10000,24,1,0,1,1,1,0
18894600,"d35caae7-780c-11ea-a8e5-069d8de3f4da",5000,36,1,0,1,0,1,0
18894631,"2e55fc7f-780d-11ea-a8e5-069d8de3f4da",1000,36,0,0,0,0,0,0
18894657,"62a13f2e-780d-11ea-a8e5-069d8de3f4da",1000,12,0,0,0,0,1,0
18894791,"5ac5f0ce-780e-11ea-a8e5-069d8de3f4da",2000,36,0,0,0,0,0,0
18895223,"6643c771-7811-11ea-a8e5-069d8de3f4da",5500,48,1,0,1,1,1,1
18895234,"5c21f817-7810-11ea-a8e5-069d8de3f4da",1000,12,0,0,1,0,0,0
18895357,"34e25bc4-7812-11ea-a8e5-069d8de3f4da",5000,36,1,0,0,1,1,0
18895448,"c188ae1c-7812-11ea-a8e5-069d8de3f4da",1000,12,0,0,0,0,0,1
18895459,"cfaba6a9-7812-11ea-a8e5-069d8de3f4da",2500,36,1,0,1,0,1,1
18895562,"6f72727e-7813-11ea-a8e5-069d8de3f4da",9000,60,0,0,0,0,1,0
18895600,"abae898e-7813-11ea-a8e5-069d8de3f4da",2450,54,1,0,1,1,1,0
18895602,"ad2b9256-7813-11ea-a8e5-069d8de3f4da",2000,36,0,0,0,0,1,0
18895911,"a870307e-7814-11ea-a8e5-069d8de3f4da",3000,60,1,0,0,0,1,0
18895919,"ed594042-7815-11ea-a8e5-069d8de3f4da",1700,36,1,0,1,1,1,0
18896009,"88a26d32-7816-11ea-a8e5-069d8de3f4da",10000,60,1,0,1,1,1,1
18896020,"a22d8277-7816-11ea-a8e5-069d8de3f4da",2000,24,1,1,1,1,1,0
18896093,"0128c5b3-7817-11ea-a8e5-069d8de3f4da",7700,48,1,0,1,1,1,1
18896139,"55e2027a-7817-11ea-a8e5-069d8de3f4da",20000,60,1,0,1,1,1,0
18896231,"dbfa67e8-7817-11ea-a8e5-069d8de3f4da",2500,48,0,0,1,0,1,0
18896285,"2b268c48-7818-11ea-a8e5-069d8de3f4da",3500,24,1,0,1,1,1,1
18896380,"c35960a4-7818-11ea-a8e5-069d8de3f4da",2300,36,0,0,0,0,0,1
18896456,"4af83ccf-7819-11ea-a8e5-069d8de3f4da",1000,12,1,0,1,0,1,0
18896535,"d0c923df-7819-11ea-a8e5-069d8de3f4da",2000,24,1,0,1,0,1,1
18896590,"2b1f3124-781a-11ea-a8e5-069d8de3f4da",1000,12,1,0,1,0,1,0
18896607,"473efb07-781a-11ea-a8e5-069d8de3f4da",7000,48,1,0,1,0,1,0
18896732,"0d85b862-781b-11ea-a8e5-069d8de3f4da",2990,30,1,0,1,0,1,1
18896920,"5337105b-781c-11ea-a8e5-069d8de3f4da",4300,24,1,0,1,1,1,0
18897305,"224c2915-781f-11ea-a8e5-069d8de3f4da",5000,48,1,0,1,0,1,0
18897317,"3c040b36-781f-11ea-a8e5-069d8de3f4da",3000,24,1,0,0,0,1,0
18897541,"00db6d86-7821-11ea-a8e5-069d8de3f4da",1200,18,0,0,0,0,0,0
18897745,"6c48ad39-7822-11ea-a8e5-069d8de3f4da",3000,36,1,0,1,0,1,0
18897905,"bda122ae-7823-11ea-a8e5-069d8de3f4da",4000,48,0,0,0,0,0,1
18897970,"289e2d59-7824-11ea-a8e5-069d8de3f4da",10000,60,1,0,1,0,1,1
18898063,"cd75570e-7824-11ea-a8e5-069d8de3f4da",9300,60,1,0,1,1,1,0
18898540,"802698ea-7828-11ea-a8e5-069d8de3f4da",1500,36,0,0,0,0,0,0
18898733,"02ddd327-782a-11ea-a8e5-069d8de3f4da",750,12,1,0,1,1,1,0
18898823,"a8d10c06-782a-11ea-a8e5-069d8de3f4da",7500,60,0,0,0,0,0,1
18898907,"54142a4c-782b-11ea-a8e5-069d8de3f4da",5000,60,1,0,1,1,1,0
18899201,"d6beadf1-782d-11ea-a8e5-069d8de3f4da",1100,24,1,0,1,0,1,0
18899533,"b844387f-7830-11ea-a8e5-069d8de3f4da",1000,12,1,0,1,0,1,1
18899860,"36656f27-7833-11ea-a8e5-069d8de3f4da",1000,48,1,0,1,1,1,1
18899907,"a1222c63-7833-11ea-a8e5-069d8de3f4da",2000,36,0,0,1,0,1,0
18900130,"3d48e6af-7835-11ea-a8e5-069d8de3f4da",1200,12,0,0,1,0,1,0
18900317,"e5a29eb7-7836-11ea-a8e5-069d8de3f4da",6000,30,1,0,1,0,1,0
18900489,"6aaf72ab-7838-11ea-a8e5-069d8de3f4da",10000,36,0,0,0,0,0,1
18900589,"3b5e8b4b-7839-11ea-a8e5-069d8de3f4da",5000,36,0,0,0,0,0,0
18900625,"a991cfd9-7839-11ea-a8e5-069d8de3f4da",1000,12,1,0,0,0,1,1
18900660,"e29267d2-7839-11ea-a8e5-069d8de3f4da",1000,12,1,0,1,1,1,0
18900671,"0961cad9-783a-11ea-a8e5-069d8de3f4da",3500,60,1,0,1,0,1,1
18900700,"34dfd6c8-783a-11ea-a8e5-069d8de3f4da",10000,60,1,0,0,1,1,0
18900917,"3cab2ef5-783c-11ea-a8e5-069d8de3f4da",2000,24,0,0,0,0,0,0
18901081,"fa56c33f-783d-11ea-a8e5-069d8de3f4da",1000,12,0,0,1,0,1,1
18901195,"b5e4748b-783e-11ea-a8e5-069d8de3f4da",7500,36,0,0,0,0,0,0
18901197,"3a1c3c5f-783f-11ea-a8e5-069d8de3f4da",3000,24,0,0,1,0,1,1
18901316,"a36c1917-7840-11ea-a8e5-069d8de3f4da",1400,24,1,0,1,0,1,0
18901358,"18f0237e-7841-11ea-a8e5-069d8de3f4da",4000,24,1,0,0,0,1,0
18901471,"5198c760-7842-11ea-a8e5-069d8de3f4da",10000,48,0,0,0,0,0,0
18901474,"53a10b98-7842-11ea-a8e5-069d8de3f4da",1000,24,1,0,1,1,1,0
18901521,"d752ad6a-7842-11ea-a8e5-069d8de3f4da",2000,48,0,0,0,0,1,0
18901614,"c219886c-7843-11ea-a8e5-069d8de3f4da",2000,24,1,0,0,0,1,1
18901662,"62e94b43-7844-11ea-a8e5-069d8de3f4da",1800,36,0,0,0,0,0,0
18901680,"96a7ab5c-7844-11ea-a8e5-069d8de3f4da",6000,60,1,0,0,0,1,0
18901709,"fb716714-7844-11ea-a8e5-069d8de3f4da",1000,24,0,0,0,0,0,1
18902137,"68f28900-7849-11ea-a8e5-069d8de3f4da",3500,48,1,0,0,0,1,1
18902165,"c422327b-7849-11ea-a8e5-069d8de3f4da",1000,30,1,0,0,0,1,0
18902261,"d6e20ba4-784a-11ea-a8e5-069d8de3f4da",3000,24,0,0,0,0,1,1
18902461,"3343433a-784d-11ea-a8e5-069d8de3f4da",2700,36,0,0,0,0,0,1
18902514,"c8f12af4-784d-11ea-a8e5-069d8de3f4da",10000,24,0,0,0,0,0,0
18902678,"abc043bc-784f-11ea-a8e5-069d8de3f4da",6000,18,1,0,1,1,1,0
18902775,"1e6c20d0-7851-11ea-a8e5-069d8de3f4da",8000,30,0,0,0,0,0,1
18902874,"77e8bd30-7852-11ea-a8e5-069d8de3f4da",7000,24,1,0,1,1,1,0
18902957,"6cd69c14-7853-11ea-a8e5-069d8de3f4da",1000,12,1,0,1,1,1,0
18903246,"3a0ffaf5-7858-11ea-a8e5-069d8de3f4da",3000,36,0,0,0,0,0,0
18903275,"c2398be0-7858-11ea-a8e5-069d8de3f4da",1000,12,1,0,1,0,1,0
18903561,"91495733-785d-11ea-a8e5-069d8de3f4da",5000,48,0,0,0,0,0,1
18903723,"86f02632-7861-11ea-a8e5-069d8de3f4da",5000,60,1,0,1,0,1,0
18904088,"e4d6fc1f-786c-11ea-a8e5-069d8de3f4da",6000,42,1,0,1,0,1,0
18904641,"7106c9f5-7890-11ea-a8e5-069d8de3f4da",2000,60,0,0,0,0,0,1
18904782,"933bb09e-7894-11ea-a8e5-069d8de3f4da",3500,24,0,0,0,0,0,1
18904859,"f5795e73-7896-11ea-a8e5-069d8de3f4da",4000,48,1,0,0,0,1,0
18904979,"49cac46f-7899-11ea-a8e5-069d8de3f4da",6000,60,1,0,0,1,1,1
18905137,"a57c6bfd-789b-11ea-a8e5-069d8de3f4da",6000,36,0,0,1,0,0,0
18905434,"99f55d8d-789f-11ea-a8e5-069d8de3f4da",3000,60,1,1,1,1,1,0
18905457,"e2d4cf53-789f-11ea-a8e5-069d8de3f4da",3000,30,0,0,0,0,0,1
18905957,"2945d4ed-78a5-11ea-a8e5-069d8de3f4da",2000,24,0,0,0,0,0,1
18906054,"2508cddd-78a6-11ea-a8e5-069d8de3f4da",1000,24,0,0,1,1,0,1
18906073,"553fce1e-78a6-11ea-a8e5-069d8de3f4da",5000,18,0,0,0,0,1,1
18906249,"06079089-78a8-11ea-a8e5-069d8de3f4da",1300,12,0,0,1,0,1,0
18906451,"f802fdc0-78a9-11ea-a8e5-069d8de3f4da",2100,36,0,0,0,0,0,1
18906779,"57f7ce2d-78ab-11ea-a8e5-069d8de3f4da",1000,30,1,0,1,1,1,0
18907330,"d5c6dfc4-78b0-11ea-a8e5-069d8de3f4da",12000,60,1,0,1,0,1,0
18907344,"f5486086-78b0-11ea-a8e5-069d8de3f4da",1200,24,0,0,0,0,0,0
18907446,"c29b82c3-78b1-11ea-a8e5-069d8de3f4da",4500,36,1,0,1,0,1,0
18907506,"2b73f787-78b2-11ea-a8e5-069d8de3f4da",2100,24,1,0,1,0,1,1
18907508,"2ff9bb00-78b2-11ea-a8e5-069d8de3f4da",2500,36,1,0,1,0,1,1
18907547,"89d463d6-78b2-11ea-a8e5-069d8de3f4da",3000,18,0,0,1,0,1,0
18908020,"45cdac3f-78b6-11ea-a8e5-069d8de3f4da",1000,12,0,0,0,0,0,1
18908118,"22c69c01-78b7-11ea-a8e5-069d8de3f4da",2000,12,0,0,0,0,0,1
18908224,"2377e3f0-78b8-11ea-a8e5-069d8de3f4da",3000,30,1,0,1,0,1,0
18908236,"3cace04d-78b8-11ea-a8e5-069d8de3f4da",3000,24,0,0,0,0,1,0
18908348,"4608294d-78b9-11ea-a8e5-069d8de3f4da",4000,36,0,0,1,0,0,1
18908404,"ceef1a01-78b9-11ea-a8e5-069d8de3f4da",1600,36,1,0,1,0,1,0
18908618,"c539daf2-78bb-11ea-a8e5-069d8de3f4da",3000,12,1,0,1,0,1,0
18909110,"8950af19-78be-11ea-a8e5-069d8de3f4da",3000,36,1,0,1,0,1,0
18909135,"d241613e-78be-11ea-a8e5-069d8de3f4da",800,24,0,0,0,0,0,0
18909389,"a7754713-78c0-11ea-a8e5-069d8de3f4da",1500,24,1,0,1,1,1,1
18909492,"cd8c6aad-78c1-11ea-a8e5-069d8de3f4da",8000,48,0,0,0,0,0,0
18909498,"d6bd95ca-78c1-11ea-a8e5-069d8de3f4da",1000,18,0,0,1,0,0,0
18909503,"def18bd9-78c1-11ea-a8e5-069d8de3f4da",1500,24,0,0,0,0,0,0
18909615,"c5964513-78c2-11ea-a8e5-069d8de3f4da",1000,24,0,0,0,0,0,1
18909813,"818952a6-78c4-11ea-a8e5-069d8de3f4da",6000,42,0,0,0,0,0,1
18910123,"c1e13514-78c6-11ea-a8e5-069d8de3f4da",2000,18,1,0,1,0,1,0
18910295,"2b4e80a3-78c8-11ea-a8e5-069d8de3f4da",2000,30,1,0,1,0,1,0
18910521,"0684f13d-78ca-11ea-a8e5-069d8de3f4da",3000,18,0,0,0,0,0,1
18910541,"24325969-78ca-11ea-a8e5-069d8de3f4da",2000,60,0,0,0,0,0,0
18910576,"99f7d6c1-78ca-11ea-a8e5-069d8de3f4da",10000,36,0,0,0,0,0,1
18910636,"2e64f21f-78cb-11ea-a8e5-069d8de3f4da",1000,12,1,0,1,1,1,0
18910743,"2f758552-78cc-11ea-a8e5-069d8de3f4da",3000,36,0,0,0,0,0,0
18910826,"f29f769d-78cc-11ea-a8e5-069d8de3f4da",9737,48,1,0,1,0,1,0
18910955,"187b8aa5-78ce-11ea-a8e5-069d8de3f4da",10000,36,0,0,0,0,0,0
18911004,"a60ed842-78ce-11ea-a8e5-069d8de3f4da",4000,60,1,0,0,0,1,1
18911253,"db1c1967-78d0-11ea-a8e5-069d8de3f4da",2000,24,1,0,1,1,1,1
18911307,"5e14fa64-78d1-11ea-a8e5-069d8de3f4da",3500,48,1,0,0,0,1,0
18911318,"769f7ef0-78d1-11ea-a8e5-069d8de3f4da",2000,36,1,0,1,1,1,0
18911638,"d8ed48a8-78d4-11ea-a8e5-069d8de3f4da",4000,36,1,0,1,0,1,1
18911852,"095d88b9-78d7-11ea-a8e5-069d8de3f4da",4000,48,1,0,0,0,1,1
18911939,"e253ff56-78d7-11ea-a8e5-069d8de3f4da",2500,24,1,0,1,0,1,0
18911986,"56be4034-78d8-11ea-a8e5-069d8de3f4da",1000,24,1,0,0,1,1,0
18912366,"2f09f57b-78db-11ea-a8e5-069d8de3f4da",3800,60,1,0,1,1,1,1
18912472,"4c199851-78dc-11ea-a8e5-069d8de3f4da",1500,24,0,0,1,0,1,0
18912528,"c99d2116-78dc-11ea-a8e5-069d8de3f4da",3000,36,1,0,1,0,1,0
18912699,"53461db5-78de-11ea-a8e5-069d8de3f4da",1500,24,1,0,0,0,1,0
18912721,"7ee5c0bd-78de-11ea-a8e5-069d8de3f4da",10000,36,1,0,1,0,1,1
18913037,"f99a7fca-78e0-11ea-a8e5-069d8de3f4da",5500,60,0,0,0,0,0,1
18913212,"76a9591c-78e2-11ea-a8e5-069d8de3f4da",2500,36,1,0,1,0,1,0
18913251,"abfd071e-78e2-11ea-a8e5-069d8de3f4da",1000,18,0,0,0,0,0,0
18913451,"650f94ca-78e4-11ea-a8e5-069d8de3f4da",2000,36,1,0,1,1,1,1
18913496,"af475bd2-78e4-11ea-a8e5-069d8de3f4da",3000,12,1,0,0,1,1,1
18913960,"b037d7f8-78e7-11ea-a8e5-069d8de3f4da",1000,12,1,0,0,1,1,1
18914155,"42a7e66d-78ea-11ea-a8e5-069d8de3f4da",1000,12,1,1,0,0,1,0
18914156,"44d3eaa3-78ea-11ea-a8e5-069d8de3f4da",1500,24,1,0,0,1,1,0
18914363,"743207c8-78ec-11ea-a8e5-069d8de3f4da",2500,36,0,0,1,0,1,1
18914474,"d92f5122-78ec-11ea-a8e5-069d8de3f4da",4000,48,0,0,0,0,0,1
18914552,"c1a6179a-78ed-11ea-a8e5-069d8de3f4da",8000,36,0,0,0,0,0,0
18914559,"37b491b3-78ee-11ea-a8e5-069d8de3f4da",1500,36,0,0,0,0,0,0
18914776,"055238dd-78f0-11ea-a8e5-069d8de3f4da",3000,12,1,0,0,0,1,0
18914825,"637fb98e-78f0-11ea-a8e5-069d8de3f4da",5000,24,1,1,0,0,1,0
18914874,"cb458ce5-78f0-11ea-a8e5-069d8de3f4da",3000,60,0,0,0,0,0,0
18915296,"bcffac05-78f4-11ea-a8e5-069d8de3f4da",7500,60,1,0,1,0,1,0
18915325,"050a9205-78f5-11ea-a8e5-069d8de3f4da",10000,60,0,0,0,0,0,1
18915352,"40a1724c-78f5-11ea-a8e5-069d8de3f4da",2400,36,1,0,1,0,1,0
18915513,"ba3105f7-78f6-11ea-a8e5-069d8de3f4da",7000,60,0,0,1,0,1,1
18915688,"5c11a0e1-78f8-11ea-a8e5-069d8de3f4da",8700,36,1,0,1,0,1,0
18915730,"db9c3b8d-78f8-11ea-a8e5-069d8de3f4da",5000,36,0,0,1,0,0,0
18915868,"5785f2e2-78fa-11ea-a8e5-069d8de3f4da",8500,30,0,0,0,0,0,1
18916006,"cdd6d144-78fb-11ea-a8e5-069d8de3f4da",1000,24,1,0,1,1,1,1
18916041,"13496af8-78fc-11ea-a8e5-069d8de3f4da",5000,36,0,0,0,0,0,0
18916078,"761f4b84-78fc-11ea-a8e5-069d8de3f4da",4700,36,1,0,1,1,1,0
18916089,"942bbadc-78fc-11ea-a8e5-069d8de3f4da",2500,24,1,0,1,1,1,1
18916101,"b230c1f0-78fc-11ea-a8e5-069d8de3f4da",3500,36,1,0,0,1,1,1
18916132,"0cb07fb6-78fd-11ea-a8e5-069d8de3f4da",5000,12,0,0,0,0,0,0
18916138,"18a19782-78fd-11ea-a8e5-069d8de3f4da",5000,48,0,0,0,0,0,0
18916303,"f98642cc-78fe-11ea-a8e5-069d8de3f4da",6200,54,0,0,1,0,0,0
18916439,"c216162f-7900-11ea-a8e5-069d8de3f4da",6500,60,0,0,0,0,0,1
18916606,"e0134bf9-7902-11ea-a8e5-069d8de3f4da",2800,36,0,0,0,0,0,0
18916717,"10ee6d37-7904-11ea-a8e5-069d8de3f4da",4200,30,0,0,0,0,0,1
18916867,"77eeed6b-7905-11ea-a8e5-069d8de3f4da",2000,36,1,0,1,0,1,0
18916985,"a07f9ba1-7906-11ea-a8e5-069d8de3f4da",9900,36,1,0,1,1,1,0
18917045,"44479b88-7907-11ea-a8e5-069d8de3f4da",4000,24,0,0,0,0,1,0
18917258,"7ab32b1e-7909-11ea-a8e5-069d8de3f4da",2000,36,0,0,0,0,0,0
18917263,"7defa28f-7909-11ea-a8e5-069d8de3f4da",5000,48,1,0,1,1,1,0
18917272,"a3fd5755-7909-11ea-a8e5-069d8de3f4da",2000,12,0,0,0,0,1,0
18917377,"bb360bce-790a-11ea-a8e5-069d8de3f4da",1000,12,1,0,1,1,1,0
18917464,"84572e5a-790b-11ea-a8e5-069d8de3f4da",1000,36,1,0,0,0,1,1
18917675,"95e3793e-790d-11ea-a8e5-069d8de3f4da",3000,30,1,0,1,0,1,1
18917796,"f5a72187-790e-11ea-a8e5-069d8de3f4da",1000,24,1,0,1,0,1,0
18918096,"8ba0dd2e-7912-11ea-a8e5-069d8de3f4da",10000,60,0,0,0,0,0,1
18918195,"c89eafc3-7913-11ea-a8e5-069d8de3f4da",6000,48,1,0,0,0,1,1
18918255,"93369e5c-7914-11ea-a8e5-069d8de3f4da",6000,60,1,0,1,0,1,0
18918348,"da19a3d5-7915-11ea-a8e5-069d8de3f4da",1200,36,1,0,0,0,1,1
18918606,"7af5cc49-7918-11ea-a8e5-069d8de3f4da",3300,36,1,0,1,0,1,0
18918768,"7822e6e2-791a-11ea-a8e5-069d8de3f4da",3000,60,1,0,0,0,1,0
18918775,"8a54bcb9-791a-11ea-a8e5-069d8de3f4da",2000,30,1,0,0,1,1,1
18918799,"0ec937a7-791b-11ea-a8e5-069d8de3f4da",4500,54,0,0,0,0,1,0
18918837,"99c38351-791b-11ea-a8e5-069d8de3f4da",4000,36,1,0,0,0,1,0
18918841,"b03749a0-791b-11ea-a8e5-069d8de3f4da",1000,12,0,0,0,0,0,0
18918914,"b66f774e-791c-11ea-a8e5-069d8de3f4da",3000,36,0,0,0,0,1,0
18919008,"d7cacbc3-791d-11ea-a8e5-069d8de3f4da",1000,24,1,0,1,0,1,1
18919017,"f9fe551c-791d-11ea-a8e5-069d8de3f4da",1000,24,1,0,1,0,1,0
18919101,"344d0065-791f-11ea-a8e5-069d8de3f4da",5000,36,0,0,0,0,0,1
18919310,"a494ea6b-7922-11ea-a8e5-069d8de3f4da",500,12,1,0,1,0,1,0
18919886,"48f79900-7930-11ea-a8e5-069d8de3f4da",5000,36,0,0,0,0,0,0
18919900,"a3ab5819-7930-11ea-a8e5-069d8de3f4da",10000,36,0,0,0,0,0,0
18920149,"cd7fa840-7939-11ea-a8e5-069d8de3f4da",2000,30,1,0,0,0,1,0
18920180,"b92868a2-793b-11ea-a8e5-069d8de3f4da",9500,36,0,0,0,0,0,0
18920208,"d77f23cc-793c-11ea-a8e5-069d8de3f4da",1500,36,1,0,1,0,1,0
18920252,"874df41f-793f-11ea-a8e5-069d8de3f4da",5000,36,1,0,0,0,1,0
18920260,"1acde99e-7940-11ea-a8e5-069d8de3f4da",3000,12,0,0,0,0,0,0
18920336,"ab9cf1bb-7944-11ea-a8e5-069d8de3f4da",4000,12,0,0,0,0,0,1
18920510,"3d245cdb-7951-11ea-a8e5-069d8de3f4da",4000,60,1,0,1,0,1,1
18920564,"b2ec9b64-7955-11ea-a8e5-069d8de3f4da",1000,36,0,0,0,0,0,1
18920691,"18f3a9f3-795b-11ea-a8e5-069d8de3f4da",3000,36,1,0,1,0,1,0
18920731,"669fa2e3-795c-11ea-a8e5-069d8de3f4da",7500,60,1,0,1,1,1,0
18920868,"d6da76f1-7960-11ea-a8e5-069d8de3f4da",5000,60,1,0,1,0,1,1
18921342,"cb3f9404-7967-11ea-a8e5-069d8de3f4da",4000,36,1,0,0,1,1,1
18921386,"52e8daae-7968-11ea-a8e5-069d8de3f4da",1000,18,0,0,1,0,1,0
18921545,"f62c161e-7969-11ea-a8e5-069d8de3f4da",6500,36,1,0,0,0,1,0
18921549,"0548c7a6-796a-11ea-a8e5-069d8de3f4da",1000,24,1,0,1,0,1,0
18921776,"36e35877-796c-11ea-a8e5-069d8de3f4da",1000,12,1,0,1,1,1,0
18922016,"67def8b8-796e-11ea-a8e5-069d8de3f4da",5000,24,1,0,1,0,1,0
18922085,"ed0fbfaa-796e-11ea-a8e5-069d8de3f4da",3000,60,1,0,0,1,1,0
18922106,"11f473df-796f-11ea-a8e5-069d8de3f4da",3000,30,0,0,0,0,0,1
18922503,"17a994ce-7972-11ea-a8e5-069d8de3f4da",2000,60,0,0,0,0,0,0
18922801,"a145d5b9-7974-11ea-a8e5-069d8de3f4da",5000,60,0,0,0,0,0,0
18923121,"91514487-7977-11ea-a8e5-069d8de3f4da",2000,24,0,0,0,0,0,0
18923211,"62bddcac-7978-11ea-a8e5-069d8de3f4da",3200,36,1,0,1,0,1,0
18923378,"d778c13f-7979-11ea-a8e5-069d8de3f4da",2000,36,0,0,0,0,0,1
18923416,"255aff18-797a-11ea-a8e5-069d8de3f4da",2000,24,1,0,1,0,1,1
18923420,"2b534ba1-797a-11ea-a8e5-069d8de3f4da",2000,36,0,0,0,0,0,0
18923423,"32ca43f7-797a-11ea-a8e5-069d8de3f4da",2000,60,0,0,0,0,0,0
18923512,"efa64a04-797a-11ea-a8e5-069d8de3f4da",1600,12,0,0,1,1,0,0
18923532,"33dab086-797b-11ea-a8e5-069d8de3f4da",9000,60,1,0,1,0,1,0
18923613,"e55ddb71-797b-11ea-a8e5-069d8de3f4da",4000,12,0,0,0,0,0,0
18923704,"c5f95986-797c-11ea-a8e5-069d8de3f4da",1000,24,0,0,0,0,0,0
18923706,"ceecd3c8-797c-11ea-a8e5-069d8de3f4da",3000,36,1,0,1,0,1,0
18923734,"14fb92e0-797d-11ea-a8e5-069d8de3f4da",8000,36,1,0,1,1,1,1
18923831,"d984c4df-797d-11ea-a8e5-069d8de3f4da",2000,36,0,0,0,0,0,0
18923930,"6cecbda8-797e-11ea-a8e5-069d8de3f4da",1000,36,1,0,1,1,1,0
18924277,"42ec672e-7981-11ea-a8e5-069d8de3f4da",6100,12,1,0,1,1,1,0
18924296,"6796ecb9-7981-11ea-a8e5-069d8de3f4da",6500,48,1,0,1,0,1,0
18924504,"00fe4b08-7983-11ea-a8e5-069d8de3f4da",500,12,0,0,1,0,1,0
18924515,"2aea46b4-7983-11ea-a8e5-069d8de3f4da",5000,48,0,0,1,0,1,0
18924888,"cdadbbe5-7985-11ea-a8e5-069d8de3f4da",4000,12,0,0,0,0,0,0
18924994,"3c780717-7986-11ea-a8e5-069d8de3f4da",2000,36,0,0,0,0,0,1
18925226,"ec46fbec-7986-11ea-a8e5-069d8de3f4da",6000,36,1,0,1,0,1,0
18925567,"46f2ec7d-7989-11ea-a8e5-069d8de3f4da",1000,24,1,0,1,0,1,1
18925620,"bca12ff7-7989-11ea-a8e5-069d8de3f4da",5000,36,1,0,1,1,1,0
18925875,"e2a6505e-798b-11ea-a8e5-069d8de3f4da",1000,24,0,0,0,0,0,1
18925881,"f5fd5a03-798b-11ea-a8e5-069d8de3f4da",10000,60,0,0,0,0,1,0
18925889,"0bc92be7-798c-11ea-a8e5-069d8de3f4da",3000,36,1,0,0,0,1,0
18925949,"8f9c2979-798c-11ea-a8e5-069d8de3f4da",1000,12,0,0,0,0,0,1
18926030,"38bba2e0-798d-11ea-a8e5-069d8de3f4da",1600,12,1,0,1,0,1,0
18926039,"49ff0601-798d-11ea-a8e5-069d8de3f4da",5000,36,0,0,1,0,1,0
18926105,"c3498c34-798d-11ea-a8e5-069d8de3f4da",3000,36,1,0,1,1,1,1
18926234,"b1319b38-798e-11ea-a8e5-069d8de3f4da",10000,36,1,0,1,1,1,0
18926261,"d691909c-798e-11ea-a8e5-069d8de3f4da",1500,24,0,0,0,0,0,0
18926386,"bd53388a-798f-11ea-a8e5-069d8de3f4da",1500,60,1,0,1,0,1,0
18926399,"d28ddf89-798f-11ea-a8e5-069d8de3f4da",3000,24,1,0,1,0,1,0
18926434,"2b3891c9-7990-11ea-a8e5-069d8de3f4da",10000,48,0,0,1,0,1,0
18926442,"3565748b-7990-11ea-a8e5-069d8de3f4da",10000,36,1,0,1,1,1,0
18926461,"566689ea-7990-11ea-a8e5-069d8de3f4da",10000,48,0,0,1,0,1,0
18926514,"5c53a877-7990-11ea-a8e5-069d8de3f4da",2000,24,1,0,0,1,1,1
18926526,"d8fb3ba3-7990-11ea-a8e5-069d8de3f4da",1000,12,1,0,1,0,1,0
18926628,"a805a75e-7991-11ea-a8e5-069d8de3f4da",1000,48,0,0,1,0,0,0
18926811,"3cc8448e-7993-11ea-a8e5-069d8de3f4da",2500,24,0,0,0,0,0,1
18927004,"d48cdca6-7994-11ea-a8e5-069d8de3f4da",4000,36,1,0,1,0,1,0
18927043,"3358abbe-7995-11ea-a8e5-069d8de3f4da",3000,60,1,0,1,0,1,0
18927251,"b8f8aa49-7996-11ea-a8e5-069d8de3f4da",4500,12,1,0,1,1,1,0
18927568,"e1fc1723-7998-11ea-a8e5-069d8de3f4da",1000,18,0,0,0,0,0,0
18927732,"fba674a6-7999-11ea-a8e5-069d8de3f4da",6198,36,0,0,0,0,0,1
18927954,"99a7bd68-799b-11ea-a8e5-069d8de3f4da",2000,24,0,0,1,0,0,0
18928037,"3def34a6-799c-11ea-a8e5-069d8de3f4da",1000,12,1,0,1,1,1,0
18928081,"84761116-799c-11ea-a8e5-069d8de3f4da",4000,24,0,0,0,0,0,1
18928502,"5939d481-799f-11ea-a8e5-069d8de3f4da",1500,36,1,0,0,0,1,0
18928670,"a65235e0-79a0-11ea-a8e5-069d8de3f4da",2000,24,0,0,0,0,0,0
18928691,"caac680c-79a0-11ea-a8e5-069d8de3f4da",10000,60,1,0,1,0,1,1
18928816,"6bb6be90-79a1-11ea-a8e5-069d8de3f4da",7000,30,1,0,1,0,1,0
18928862,"fbd1f470-79a1-11ea-a8e5-069d8de3f4da",1500,36,1,0,1,0,1,0
18928911,"44aa84c5-79a2-11ea-a8e5-069d8de3f4da",1000,12,1,0,1,0,1,1
18929010,"dea16575-79a2-11ea-a8e5-069d8de3f4da",5000,36,1,0,1,0,1,0
18929152,"cfc5b853-79a3-11ea-a8e5-069d8de3f4da",1000,18,1,0,1,1,1,0
18929213,"37c33460-79a4-11ea-a8e5-069d8de3f4da",5000,60,1,0,0,1,1,0
18929427,"8a0f893d-79a5-11ea-a8e5-069d8de3f4da",5000,60,0,0,0,0,0,1
18929544,"30a30ab3-79a6-11ea-a8e5-069d8de3f4da",1000,18,0,0,0,0,0,0
18929615,"1a88a902-79a6-11ea-a8e5-069d8de3f4da",1000,12,1,0,1,0,1,1
18929831,"c0b1ff77-79a7-11ea-a8e5-069d8de3f4da",1000,12,0,0,0,0,0,0
18929848,"d83c9cf5-79a7-11ea-a8e5-069d8de3f4da",500,12,0,0,1,0,0,0
18929906,"2e91d72d-79a8-11ea-a8e5-069d8de3f4da",4000,24,0,0,0,0,0,0
18929932,"4d4e2928-79a8-11ea-a8e5-069d8de3f4da",1000,12,1,0,1,1,1,1
18929973,"8defc0e9-79a8-11ea-a8e5-069d8de3f4da",10000,60,1,0,1,0,1,0
18930186,"de5589f3-79a9-11ea-a8e5-069d8de3f4da",3500,36,0,0,0,0,0,0
18930272,"73a5a570-79aa-11ea-a8e5-069d8de3f4da",8000,36,1,0,0,0,1,1
18930352,"f9ee3de1-79aa-11ea-a8e5-069d8de3f4da",11000,60,1,0,0,1,1,0
18930465,"b1ea3e55-79ab-11ea-a8e5-069d8de3f4da",4000,24,0,0,0,0,0,1
18930571,"40307fe7-79ac-11ea-a8e5-069d8de3f4da",8000,48,1,0,1,0,1,1
18930667,"ec6d17cb-79ac-11ea-a8e5-069d8de3f4da",1200,48,1,0,0,1,1,0
18930771,"88df600f-79ad-11ea-a8e5-069d8de3f4da",5000,36,1,0,0,1,1,0
18930787,"a3dfb1b4-79ad-11ea-a8e5-069d8de3f4da",8500,60,0,0,0,0,0,0
18930961,"dbdd4acc-79ae-11ea-a8e5-069d8de3f4da",5000,48,1,1,1,0,1,0
18931053,"8095d9f8-79af-11ea-a8e5-069d8de3f4da",5000,60,1,0,1,1,1,0
18931230,"bf3c04f4-79b0-11ea-a8e5-069d8de3f4da",5000,24,1,0,1,0,1,0
18931380,"dafae07c-79b1-11ea-a8e5-069d8de3f4da",1500,18,0,0,0,0,0,0
18931440,"4c2b0ba0-79b2-11ea-a8e5-069d8de3f4da",10000,36,1,0,1,0,1,1
18931784,"12299395-79b5-11ea-a8e5-069d8de3f4da",10500,48,1,0,0,1,1,1
18931814,"622c8f23-79b5-11ea-a8e5-069d8de3f4da",1500,36,1,0,0,0,1,1
18932054,"f5abee2d-79b6-11ea-a8e5-069d8de3f4da",2500,36,0,0,0,0,1,1
18932216,"0bff127d-79b9-11ea-a8e5-069d8de3f4da",1500,24,1,0,0,0,1,0
18932234,"4908a815-79b9-11ea-a8e5-069d8de3f4da",1300,12,1,0,1,0,1,0
18932279,"9d9913ed-79b9-11ea-a8e5-069d8de3f4da",5000,24,1,0,1,0,1,1
18932292,"c27dc452-79b9-11ea-a8e5-069d8de3f4da",1200,12,1,0,1,0,1,0
18932392,"c35d41be-79ba-11ea-a8e5-069d8de3f4da",1300,18,1,0,1,0,1,0
18932621,"b4f6db01-79bc-11ea-a8e5-069d8de3f4da",2500,18,1,0,1,0,1,0
18932652,"ef43a397-79bc-11ea-a8e5-069d8de3f4da",2500,30,1,0,1,1,1,1
18932719,"d956db28-79bd-11ea-a8e5-069d8de3f4da",3000,36,0,0,0,0,0,0
18932778,"916cd320-79be-11ea-a8e5-069d8de3f4da",4500,30,1,0,1,0,1,0
18932808,"d7c59c61-79be-11ea-a8e5-069d8de3f4da",7500,48,0,0,0,0,0,1
18932966,"86b32f9a-79c0-11ea-a8e5-069d8de3f4da",3000,36,1,0,1,1,1,0
18933251,"eeef2973-79c2-11ea-a8e5-069d8de3f4da",1900,24,1,0,0,1,1,1
18933353,"d183bee8-79c3-11ea-a8e5-069d8de3f4da",5000,36,0,0,1,0,0,0
18933443,"abb76e9e-79c4-11ea-a8e5-069d8de3f4da",5000,60,0,0,1,0,1,1
18933912,"afaf364f-79c8-11ea-a8e5-069d8de3f4da",7000,48,0,0,0,0,0,1
18933988,"61030d94-79c9-11ea-a8e5-069d8de3f4da",3000,60,0,0,0,0,0,1
18934003,"7e4b2dd6-79c9-11ea-a8e5-069d8de3f4da",2000,24,1,0,1,0,1,0
18934267,"7a8b03eb-79cb-11ea-a8e5-069d8de3f4da",20000,60,0,0,0,0,0,0
18934910,"f6ca30e3-79d0-11ea-a8e5-069d8de3f4da",5000,36,1,0,1,1,1,0
18935081,"99f12adf-79d2-11ea-a8e5-069d8de3f4da",3500,48,1,0,1,1,1,0
18935082,"9cca67ca-79d2-11ea-a8e5-069d8de3f4da",5000,24,1,0,0,0,1,0
18935087,"a8510608-79d2-11ea-a8e5-069d8de3f4da",5000,42,0,0,0,0,0,1
18935103,"beec93df-79d2-11ea-a8e5-069d8de3f4da",5000,18,0,0,0,0,0,0
18935301,"890d9bd2-79d4-11ea-a8e5-069d8de3f4da",9000,42,0,0,1,0,0,0
18935384,"7981b182-79d5-11ea-a8e5-069d8de3f4da",3000,36,0,0,1,0,1,1
18935793,"217dce94-79d9-11ea-a8e5-069d8de3f4da",2000,36,0,0,0,0,0,1
18936030,"774a61ed-79db-11ea-a8e5-069d8de3f4da",10000,48,1,0,0,0,1,1
18936065,"9c79ed58-79db-11ea-a8e5-069d8de3f4da",1000,30,0,0,0,0,0,0
18936092,"1694e45a-79dc-11ea-a8e5-069d8de3f4da",10000,60,0,0,0,0,0,1
18936246,"ebc0677b-79dd-11ea-a8e5-069d8de3f4da",2000,24,0,0,0,0,0,1
18936390,"f4340013-79de-11ea-a8e5-069d8de3f4da",1000,12,0,0,0,0,0,1
18936435,"1944179a-79e0-11ea-a8e5-069d8de3f4da",800,24,0,0,1,0,1,0
18936439,"1cb6c649-79e0-11ea-a8e5-069d8de3f4da",5000,30,0,0,0,0,0,0
18936448,"3357b477-79e0-11ea-a8e5-069d8de3f4da",2000,48,1,0,1,0,1,1
18936800,"2a84c73c-79e5-11ea-a8e5-069d8de3f4da",4500,36,0,0,0,0,0,0
18937281,"616106e2-79ec-11ea-a8e5-069d8de3f4da",1000,12,1,0,1,0,1,0
18937409,"ec9aa5d1-79ee-11ea-a8e5-069d8de3f4da",1000,24,0,0,0,0,0,0
18937837,"7fb0e9d2-79fa-11ea-a8e5-069d8de3f4da",3500,24,1,0,1,0,1,1
18938255,"ca55d909-7a0e-11ea-a8e5-069d8de3f4da",7500,48,0,0,0,0,0,0
18938364,"1fe2ad39-7a18-11ea-a8e5-069d8de3f4da",6000,48,1,0,0,0,1,0
18938631,"22e6891f-7a26-11ea-a8e5-069d8de3f4da",1000,36,0,0,0,0,0,0
18938916,"0092b9c9-7a2c-11ea-a8e5-069d8de3f4da",6000,36,0,0,0,0,0,0
18939092,"f25b4325-7a2e-11ea-a8e5-069d8de3f4da",4000,48,0,0,0,0,0,1
18939125,"57e1cd8e-7a2f-11ea-a8e5-069d8de3f4da",2000,12,0,0,0,0,0,0
18939319,"89dd53f3-7a31-11ea-a8e5-069d8de3f4da",1000,12,1,0,1,1,1,0
18939593,"7a87a75a-7a34-11ea-a8e5-069d8de3f4da",1000,12,0,0,0,0,1,0
18939840,"08906275-7a37-11ea-a8e5-069d8de3f4da",1000,12,1,0,0,0,1,0
18940046,"118da947-7a39-11ea-a8e5-069d8de3f4da",2000,12,0,0,1,0,1,0
18940076,"7405228d-7a39-11ea-a8e5-069d8de3f4da",3800,48,1,0,1,1,1,1
18940171,"5214f942-7a3a-11ea-a8e5-069d8de3f4da",5000,60,1,0,1,1,1,0
18940362,"0414d8e6-7a3c-11ea-a8e5-069d8de3f4da",5200,36,0,0,1,0,0,1
18940403,"6c34529f-7a3c-11ea-a8e5-069d8de3f4da",3000,30,1,0,1,0,1,1
18940830,"9ef898d4-7a40-11ea-a8e5-069d8de3f4da",3500,36,0,0,0,0,0,0
18941158,"aa59170c-7a43-11ea-a8e5-069d8de3f4da",6000,60,0,0,0,0,0,1
18941531,"e10a5c76-7a46-11ea-a8e5-069d8de3f4da",10000,60,0,0,1,1,0,0
18941615,"8d115c03-7a47-11ea-a8e5-069d8de3f4da",3000,36,0,0,1,0,1,0
18941706,"4b1f6eb1-7a48-11ea-a8e5-069d8de3f4da",1300,12,1,0,1,0,1,1
18941852,"a7ebcfff-7a49-11ea-a8e5-069d8de3f4da",1000,24,0,0,0,0,1,0
18941898,"21a33b41-7a4a-11ea-a8e5-069d8de3f4da",10000,24,1,0,0,0,1,0
18941956,"9b9eaa2f-7a4a-11ea-a8e5-069d8de3f4da",15000,60,0,0,0,0,0,0
18941971,"c5083838-7a4a-11ea-a8e5-069d8de3f4da",500,12,1,0,0,1,1,0
18942087,"c40d8b0d-7a4b-11ea-a8e5-069d8de3f4da",15000,60,0,0,1,1,0,0
18942225,"f4ed3e88-7a4c-11ea-a8e5-069d8de3f4da",10000,60,1,0,1,1,1,0
18942290,"851a2b23-7a4d-11ea-a8e5-069d8de3f4da",5000,36,1,0,0,0,1,1
18942421,"7ca32789-7a4e-11ea-a8e5-069d8de3f4da",1500,24,1,0,1,1,1,0
18942493,"e427f2a6-7a4e-11ea-a8e5-069d8de3f4da",6000,12,0,0,0,0,1,0
18943006,"79337a29-7a51-11ea-a8e5-069d8de3f4da",2000,60,1,0,0,1,1,0
18943029,"a7763d04-7a51-11ea-a8e5-069d8de3f4da",5000,24,0,0,0,0,0,0
18943039,"b5875b68-7a51-11ea-a8e5-069d8de3f4da",3000,36,0,0,0,0,1,0
18943157,"75232209-7a52-11ea-a8e5-069d8de3f4da",5000,36,1,0,0,1,1,0
18943201,"bcefb660-7a52-11ea-a8e5-069d8de3f4da",3500,36,0,0,1,0,1,0
18943247,"052022a8-7a53-11ea-a8e5-069d8de3f4da",3000,54,0,0,0,0,0,0
18943271,"39ccc2ca-7a53-11ea-a8e5-069d8de3f4da",3000,24,1,0,0,0,1,0
18943512,"527379c9-7a54-11ea-a8e5-069d8de3f4da",1000,18,1,0,0,0,1,1
18943751,"3fe59dc1-7a56-11ea-a8e5-069d8de3f4da",1000,12,0,0,0,0,1,1
18943840,"cc36dd11-7a56-11ea-a8e5-069d8de3f4da",4000,48,0,0,0,0,1,1
18944175,"11010af7-7a59-11ea-a8e5-069d8de3f4da",4500,48,0,0,0,0,1,0
18944248,"8789b8ca-7a59-11ea-a8e5-069d8de3f4da",1000,24,1,0,1,1,1,0
18944483,"4c1d8aa4-7a5b-11ea-a8e5-069d8de3f4da",1000,12,1,0,1,1,1,0
18944640,"588a50f2-7a5c-11ea-a8e5-069d8de3f4da",2000,60,0,0,0,0,0,0
18944823,"9a2b6cd4-7a5d-11ea-a8e5-069d8de3f4da",10000,60,1,1,0,0,1,0
18944925,"6b0dc6fd-7a5e-11ea-a8e5-069d8de3f4da",3000,36,1,0,1,1,1,0
18945197,"46216c36-7a60-11ea-a8e5-069d8de3f4da",5500,60,1,0,0,1,1,1
18945456,"0dcfae89-7a62-11ea-a8e5-069d8de3f4da",4200,30,1,0,1,0,1,0
18945530,"c4a75bcc-7a62-11ea-a8e5-069d8de3f4da",9000,60,0,0,0,0,0,1
18945698,"10d9b1f2-7a64-11ea-a8e5-069d8de3f4da",2000,24,1,0,1,0,1,0
18945782,"b5b70e11-7a64-11ea-a8e5-069d8de3f4da",4800,24,0,0,0,1,0,1
18945877,"5a57cb8e-7a65-11ea-a8e5-069d8de3f4da",500,12,1,0,1,0,1,0
18946056,"d623839e-7a66-11ea-a8e5-069d8de3f4da",8000,48,1,0,1,1,1,0
18946064,"e11883b2-7a66-11ea-a8e5-069d8de3f4da",1000,12,1,0,0,0,1,0
18946236,"1ac39bae-7a68-11ea-a8e5-069d8de3f4da",4000,48,1,0,1,0,1,0
18946616,"c591b0d1-7a6a-11ea-a8e5-069d8de3f4da",1400,60,1,0,1,1,1,0
18946739,"9e670042-7a6b-11ea-a8e5-069d8de3f4da",3700,36,1,0,0,0,1,1
18946877,"60db5d65-7a6c-11ea-a8e5-069d8de3f4da",2500,12,0,0,1,0,1,0
18946942,"d3318b5f-7a6c-11ea-a8e5-069d8de3f4da",2000,36,1,0,0,1,1,0
18947142,"0698cbb6-7a6e-11ea-a8e5-069d8de3f4da",3500,48,0,0,0,0,0,1
18947171,"38fa1f83-7a6e-11ea-a8e5-069d8de3f4da",9000,36,1,0,1,1,1,1
18947599,"bc07851b-7a70-11ea-a8e5-069d8de3f4da",3500,60,1,0,1,0,1,0
18947850,"0eb9d4ac-7a72-11ea-a8e5-069d8de3f4da",1000,36,0,0,0,0,1,1
18948165,"db3f2c0f-7a73-11ea-a8e5-069d8de3f4da",2000,18,1,0,1,1,1,0
18948417,"913ea05d-7a75-11ea-a8e5-069d8de3f4da",3000,36,0,0,0,0,1,0
18948419,"9271b954-7a75-11ea-a8e5-069d8de3f4da",1400,36,1,0,0,0,1,0
18948431,"a4a585a6-7a75-11ea-a8e5-069d8de3f4da",8000,48,0,0,0,0,0,1
18948495,"1f08400f-7a76-11ea-a8e5-069d8de3f4da",7500,60,1,0,0,0,1,0
18948593,"d8de1df5-7a76-11ea-a8e5-069d8de3f4da",1000,24,0,0,1,0,0,1
18948670,"76e8a984-7a77-11ea-a8e5-069d8de3f4da",1000,12,1,0,1,0,1,1
18948734,"e3dd16ea-7a77-11ea-a8e5-069d8de3f4da",4000,24,1,0,1,0,1,0
18948742,"efbe13d5-7a77-11ea-a8e5-069d8de3f4da",4000,36,1,0,1,1,1,0
18948938,"403be473-7a79-11ea-a8e5-069d8de3f4da",5000,36,1,0,1,0,1,0
18949342,"907dd15a-7a7c-11ea-a8e5-069d8de3f4da",2000,24,0,0,0,0,0,0
18949507,"e7b9daaf-7a7d-11ea-a8e5-069d8de3f4da",1000,60,1,0,1,1,1,1
18949522,"03ddfe7b-7a7e-11ea-a8e5-069d8de3f4da",4000,48,1,0,1,0,1,1
18949604,"b295d25a-7a7e-11ea-a8e5-069d8de3f4da",2500,12,1,0,1,0,1,0
18949680,"4e7c0599-7a7f-11ea-a8e5-069d8de3f4da",3500,60,1,0,1,0,1,1
18949693,"6fbd2d1a-7a7f-11ea-a8e5-069d8de3f4da",1500,24,0,0,0,0,0,1
18949855,"b45e8836-7a80-11ea-a8e5-069d8de3f4da",3000,48,0,0,1,0,0,0
18949967,"89874d8e-7a81-11ea-a8e5-069d8de3f4da",500,12,0,0,0,0,0,0
18950066,"6bab43c9-7a82-11ea-a8e5-069d8de3f4da",2700,24,1,0,1,0,1,1
18950278,"1048be0e-7a84-11ea-a8e5-069d8de3f4da",3000,30,1,0,1,1,1,0
18950606,"d88110ba-7a86-11ea-a8e5-069d8de3f4da",2000,48,0,0,0,0,0,1
18950850,"31cc3bdf-7a89-11ea-a8e5-069d8de3f4da",1000,12,1,0,0,1,1,0
18950944,"fb128f51-7a89-11ea-a8e5-069d8de3f4da",1000,24,1,0,1,0,1,0
18951351,"db050c79-7a8d-11ea-a8e5-069d8de3f4da",9800,36,1,0,1,1,1,1
18951369,"0d20e32f-7a8e-11ea-a8e5-069d8de3f4da",7000,48,1,0,0,0,1,0
18951901,"53381be9-7a93-11ea-a8e5-069d8de3f4da",10000,36,1,0,1,1,1,0
18951911,"6d946b71-7a93-11ea-a8e5-069d8de3f4da",4000,24,0,0,0,0,0,0
18951986,"30471900-7a94-11ea-a8e5-069d8de3f4da",5000,60,1,0,1,0,1,0
18952025,"a1616607-7a94-11ea-a8e5-069d8de3f4da",1000,60,1,0,0,0,1,0
18952076,"1387944d-7a95-11ea-a8e5-069d8de3f4da",2000,36,0,0,0,0,0,0
18952414,"76296715-7a98-11ea-a8e5-069d8de3f4da",1000,24,0,0,0,0,1,1
18952612,"a6ada61f-7a9a-11ea-a8e5-069d8de3f4da",2500,24,0,0,1,0,0,0
18952624,"cec36773-7a9a-11ea-a8e5-069d8de3f4da",8000,36,1,0,1,0,1,1
18952686,"51fd80db-7a9b-11ea-a8e5-069d8de3f4da",1000,24,0,0,0,0,0,1
18953229,"2e8d0130-7aa1-11ea-a8e5-069d8de3f4da",3500,60,0,0,0,0,0,1
18953891,"89203250-7aa8-11ea-a8e5-069d8de3f4da",1000,12,1,0,0,0,1,0
18954067,"1350cabb-7aab-11ea-a8e5-069d8de3f4da",3000,36,1,0,1,0,1,1
